<?xml version="1.0" encoding="UTF-8"?>
<project-private xmlns="http://www.netbeans.org/ns/project-private/1">
    <editor-bookmarks xmlns="http://www.netbeans.org/ns/editor-bookmarks/2" lastBookmarkId="0"/>
    <open-files xmlns="http://www.netbeans.org/ns/projectui-open-files/2">
        <group>
            <file>file:/home/varun/Desktop/Github/ImageStegano/src/imagestegano/HideText.java</file>
            <file>file:/home/varun/Desktop/Github/ImageStegano/src/imagestegano/ExtractText.java</file>
            <file>file:/home/varun/Desktop/Github/ImageStegano/src/imagestegano/ImageStegano.java</file>
            <file>file:/home/varun/Desktop/Github/ImageStegano/src/utility/ImageUtility.java</file>
            <file>file:/home/varun/Desktop/Github/ImageStegano/src/steganography/LSBEncoding.java</file>
        </group>
    </open-files>
</project-private>
